Bureau of Justice Statistics,,,
File name: ftelea9716f01.csv,,,
"Figure 1. Full-time sworn officers in general-purpose law enforcement agencies, by agency type, 1997–2016",,,
"Report title: Full-Time Employees in Law Enforcement Agencies, 1997-2016   NCJ 251762",,,
"Data source:  Bureau of Justice Statistics, Law Enforcement Management and Administrative Statistics surveys, 1997–2016",,,
"Author: Shelley Hyland, Ph.D., BJS Statistician",,,
Refer questions to: askbjs@usdoj.gov (202) 307-0765,,,
Date of version: 8/28/2018,,,
,,,
"Figure 1. Full-time sworn officers in general-purpose law enforcement agencies, by agency type, 1997–2016",,,
Year,Local police,Sheriff's office*,Primary state police
1997,"419,996","174,486","54,206"
2000,"440,770","159,528","56,348"
2003,"451,737","174,251","57,611"
2007,"463,147","172,241","64,872"
2013,"477,317","188,952","58,421"
2016,"468,170","173,354","59,645"
Note: See table 2 for estimates and appendix table 2 for standard errors.,,,
*Excludes sheriffs’ offices without primary law enforcement jurisdiction in the counties they serve.,,,
"Source: Bureau of Justice Statistics, Law Enforcement Management and Administrative Statistics surveys, 1997–2016.",,,
