Bureau of Justice Statistics,,
Filename: mlj0018stf04.csv,,
"Figure 4. Adjusted mortality rate per 100,000 U.S. residents, by cause of death, 2018",,
"Report title: Mortality in Local Jails, 2000-2018 - Statistical Tables  NCJ 256002",,
"Data source: Bureau of Justice Statistics, Annual Survey of Jails, 2011–2018, Mortality in Correctional Institutions, 2018, National Inmate Survey, 2007–2009, 2011, and 2012, Survey of Inmates in Local Jails, 2002; and Centers for Disease Control and Prevention, National Center for Health Statistics, CDC WONDER online database, Underlying Cause of Death 2018 (released in 2020)",,
"Author: E. Ann Carson, Ph.D., BJS Statistician",,
Refer questions to: askbjs@usdoj.gov 202-307-0765,,
Date of version: 4/29/2021,,
,,
"Figure 4. Adjusted mortality rate per 100,000 U.S. residents, by cause of death, 2018",,
Cause of death,Adult U.S. residents/a,Jail Inmates
Suicide,22,46
Drug/alcohol intoxication,38,24
Accident/b,9,4
Homicide/c,4,4
Note: Excludes persons younger than age 18 and federal prisoners. See table 4 for crude and adjusted rates.,,
"a/To allow for direct comparisons of mortality rates, BJS adjusted the U.S. resident population to resemble the sex, race or ethnicity, and age distribution of the local jail population.",,
b/Excludes causes of death that are unlikely to occur in a jail setting.,,
"c/Includes homicides committed by other inmates, incidental to the use of force by staff, or resulting from injuries sustained prior to incarceration.",,
"Source: Bureau of Justice Statistics, Annual Survey of Jails, 2011–2018, Mortality in Correctional Institutions, 2018, National Inmate Survey, 2007–2009, 2011, and 2012, Survey of Inmates in Local Jails, 2002; and Centers for Disease Control and Prevention, National Center for Health Statistics, CDC WONDER online database, Underlying Cause of Death 2018 (released in 2020).",,
