Bureau of Justice Statistics,,,,
Filename: sljsfp0019stat01.csv,,,,
"Appendix table 1. Number of correctional facilities, by type and operator, 2019 ",,,,
"Report title: Suicide in Local Jails and State and Federal Prisons, 2000–2019 – Statistical Tables   NCJ 300731",,,,
"Data source: Bureau of Justice Statistics, Census of State and Federal Adult Correctional Facilities, 2019",,,,
"Author: E. Ann Carson, Ph.D., BJS Statistician",,,,
Refer questions to: askbjs@usdoj.gov 202-307-0765,,,,
Date of version: 10/7/2021,,,,
,,,,
"Appendix table 1. Number of correctional facilities, by type and operator, 2019 ",,,,
Operator,,All facilities*,Confinement,Community-based
,Total,"1,677","1,161",516
Public,,"1,266","1,079",187
,Federal,111,111,0
,State,"1,155",968,187
Private ,,411,82,329
*There were 139 additional facilities linked to another facility for which data could not be reported separately. Data from these facilities were merged with data for 96 facilities. ,,,,
"Source: Bureau of Justice Statistics, Census of State and Federal Adult Correctional Facilities, 2019. ",,,,
